Id,label
cpa8NaV6,HALV
BT4tWhnF,LALV
W4iG35hs,LAHV
NbQp2i6N,LALV
D7oTD3b2,HALV
m5ZyomMj,LALV
nqf4rTQN,LALV
F9Y74eXP,LALV
TiDmtK45,HALV
Sprgtd4D,LAHV
QcW6VQRb,HALV
JryvsTXV,LALV
8NErPUAn,HALV
EGx5hTs8,HALV
2ixXhApe,LALV
E67e8xNn,HALV
5955ygvR,LALV
2WJD9UaG,LALV
HHTvVpnk,HALV
Ea9PAZah,LAHV
gRcUdebx,LALV
KZP3Rowb,LAHV
J5ozhqVt,HALV
SCVhmycx,HALV
9dhSnPLp,LAHV
d6ZJG4hn,LALV
BsfFoZiS,LALV
bAHBQ9Kf,HALV
2aBSSMAj,LALV
33En67gb,LALV
asGu6FNd,HALV
Cc6anXfM,LAHV
2QcnHVsi,LALV
U8b3AF38,HALV
UJ9sbBV4,LALV
9htTcd6R,HALV
gerVDyrR,LALV
6k725AzD,LALV
EYtnQSuQ,LALV
SD5TgiGm,HAHV
4BqTyQNQ,HALV
k5muvL2E,HALV
U7Y2xQWt,LALV
F52c8riD,LALV
i3zdLVgH,LALV
QYFyum8v,HAHV
Pc8tYHDQ,HALV
LbCP9sVn,LALV
9A6GvhyM,HAHV
V9TjRiMW,HAHV
Wx6gjB9S,HALV
AKx8sg9q,HALV
GmxsjmYc,LAHV
6cjjj2yC,LALV
HaL3gzQM,HALV
CMrj5qct,LAHV
ZxhbZSM8,LAHV
gDmxt8mt,LALV
Er29Kekm,HALV
HycNQXoC,LALV
oFBnBMsE,HALV
DVE8ugNT,LALV
Ps3vgzWd,LALV
Z23362Yb,LAHV
mdeCyxkM,LALV
C6mYEvhW,LALV
6npSoYGn,LALV
Mmy43jFx,LALV
aSvnFzVi,LALV
5iKdUmJH,LAHV
XSRmeGJK,LAHV
d235PWAJ,HAHV
7LEaesoa,LALV
DtdTFTYe,LALV
jD7icoLx,LALV
d9HgUjKS,LALV
PEPi3ydA,HAHV
AnxVaZKV,HALV
7VBH6wkX,LAHV
e3Qk98gf,LALV
Wx5aQDX3,HAHV
YLptpPXZ,HALV
jiwRqkER,HALV
N2uEC9Se,HALV
VNpQueKh,LALV
PCBs99ox,LALV
aM26RiP5,HALV
DXVf46CE,LALV
TSuuXsbX,LALV
iPYbfcpa,LAHV
QExh73VM,LALV
GernZvc6,LALV
CJU6TmoF,LAHV
muEaRy7A,LAHV
Fu28E5w6,HALV
dmSkaMf4,HALV
BduFfcc8,HALV
KP45TEvF,LALV
Vc3gJa7r,LALV
LNfb4mkp,LALV
WUYcUaDY,LALV
erYtgudK,LALV
A7UR98EE,LAHV
B2J5eht5,LAHV
62c33Eze,HALV
RPE8DFzE,LALV
NRCLfZeD,HALV
Dc7PbLD8,HALV
3hehRbXR,HALV
2TPa7BBT,LALV
HCdXofqC,LALV
Tbt5Cj3X,LAHV
MwrV9QwK,LALV
cKnmLhj6,LAHV
Htx3CJAC,HALV
7s9PsgGa,LALV
Uc4cAvjp,LAHV
akFbnj4w,LAHV
KJjG7bds,HALV
9TNKmRWC,HALV
Wr8Wx5x6,LALV
4BQJKkJW,LALV
GULeHekP,HALV
WdYkterw,LALV
HVCf3Qef,HALV
hCw5gMqR,LALV
9zPGyQYs,HALV
dCRcs24o,LAHV
YscNzWt7,HALV
HMVo2QMy,LALV
hhrtbBen,HALV
G2BkDdNy,LALV
QfK63k6h,HALV
5ft7SHYi,LALV
PZKTRfeN,HALV
fcvUXMSa,LALV
bGJkvzu6,HALV
c9ZUPzo7,LALV
YVxkSuWZ,HALV
U8KUMRWc,LAHV
XVGK9bi4,LALV
g5uPECKn,HALV
XLDSXsrn,HALV
VT3qLkfQ,LALV
kDSH5vdJ,HAHV
eP5ym7jH,LALV
Eu3AuNvc,HALV
BLFs3ScT,HALV
ixJsaiTz,LAHV
AzsdySLY,LALV
msbd2pjf,HALV
WoYLbmBA,HALV
cVr4rEQK,LALV
evUG4ZJ7,LALV
WWD2pKpH,HALV
jYHYqmLS,HAHV
g3wydHF2,HALV
PM8U6v4N,LALV
XbMExt5v,HALV
g3Y4UDtX,LALV
9N4rifv2,LALV
BJr4YenY,HALV
nW2YtJDF,HALV
T69ZHTzu,LALV
BdtP9vV4,LALV
AswWcUEJ,LALV
PcfCy2oP,LALV
kgeGLQvJ,LALV
hSreKJQb,LALV
8JXyBWfq,HALV
UsNiT2CF,HALV
R66rpwUr,LALV
DgEX42EX,LAHV
hfByJBd5,LALV
QSWAD3ro,HALV
LEwCHMUB,HALV
avKVSte7,HAHV
Tvs6EAuC,HALV
ZTsG66ek,HALV
54XSWMxp,HALV
gYeAjkKw,LAHV
AuxUvAej,LAHV
4bBc33vH,HALV
42zmx6ke,HALV
YCiJtvfS,LALV
ghSF7ktN,HALV
KNkRZw3C,HALV
EjwdHJZn,HALV
MieoLJsM,HALV
CAhNHoUs,LALV
KawaUXmp,HALV
NbXDxVxn,HAHV
GJD9xbVx,HALV
ExiNY8xa,LAHV
JorH4DJs,LAHV
cMMNiNMF,HALV
NdJGadnt,HALV
Qnto3R7K,LALV
FaTaLobD,HALV
ddzkQPSd,LAHV
7eumyvcV,LAHV
FsWXPqfB,LALV
WAQEJjBD,LALV
MMqw8R33,LALV
ATcqbMhu,LALV
i6up7DJq,LAHV
B3f2xzy8,HAHV
k4Rr6vND,LALV
CfLVNfvb,HALV
8FAM8eGY,HALV
S9Azt8Tp,HALV
YtZAL74B,HALV
GFwUdy7h,LAHV
SWHa6Ghh,HALV
LJer8Y5R,LAHV
6jmSwiwt,LALV
MAKkLsKh,LALV
GpDr9h2a,LALV
CehfPjLj,LALV
2ouGtQMP,HALV
XRyiwrYx,HALV
7Gmj88DZ,HAHV
fmUMTLwK,LALV
96vA5TWb,LALV
CSJrrhei,LAHV
ijpihvKu,LALV
diNUn5gN,HALV
4KGE4qUA,HALV
2Eevdpj2,LALV
hxf8LNUA,LALV
Z6wNrneK,HALV
nJ7GHM3z,HALV
3VvCZKkf,HAHV
2Ydeerkh,HALV
J5e9AWD3,HALV
QrRfJDoq,HALV
b7oqn8fg,HALV
27CrURiq,HALV
9xnfYEeP,HALV
fairWHGY,HAHV
Kj72pmeZ,LAHV
TQrrYCef,LALV
fqByHpje,LALV
g3SQR6PW,HALV
ADAN5NP9,LALV
jAxf8dyq,LALV
L76fHqBT,HALV
2Eqd5j4z,LALV
XYEdkbDx,LALV
kCGhsLqB,HALV
LNbTbnkv,HALV
YRcRvjcF,HAHV
eDDHtX4w,HALV
exXWKJZK,LAHV
WzUgvhkM,LAHV
9q3f629Q,LALV
VdAmcijB,HALV
hBbXmfDf,HAHV
NjKwjqrf,LALV
cAZxY5K4,LALV
5RfB5cqR,HAHV
PhRuXjCF,LAHV
bMgGcte9,LALV
VBALScow,LALV
HfgigaM2,LALV
5UwqjJwx,LALV
VS9iHxnF,LALV
SsNzUzSz,LAHV
dmZjUWcz,HAHV
24uLzPEy,LALV
ZRX2AcQY,HALV
BRoSHmHL,HALV
9QZ9m27o,LALV
F7A4fd7B,HAHV
Qf6xVv7H,LAHV
fa26bFcp,HALV
TKQZesiQ,LALV
cVJu4Pws,HALV
MZp4wYn3,HALV
WydaoSxB,LALV
hzcZVrm4,HALV
8hKt6och,HAHV
DjB9uMtv,HALV
6nGR8EzD,HALV
nvq3Wvj3,HALV
bHpFsVav,HALV
M65skH7C,LALV
7eHfWGDi,LAHV
GTtzGnw3,HALV
cCf9XbLS,HALV
ipq9quGe,HALV
Vej7GPX3,LALV
j7392taK,HAHV
LcBshzfh,LALV
UpXTLDvu,HALV
JWzcpQP8,HALV
N7PnGm49,HALV
aJ8Snh3L,LALV
QLTiUYU2,HAHV
eJLdzS5X,HALV
FsESFrTk,LALV
nigyeveV,LALV
49zgN5XP,HALV
jZq2M2vm,LALV
mkWqse7V,HAHV
R678HJmV,LALV
NYsAN7v4,HALV
AAY6zMED,LALV
ByNdPPjy,LALV
Q2ax5y2R,HALV
kUeHMt9k,LAHV
eQPnRBdF,HALV
Nxnwz93p,LALV
Vs3LQ8uW,HALV
fuDywfZN,HALV
oXEbErBP,LALV
nZUUWVDY,HALV
Wb8dxdtc,LALV
Zuej7xKw,LAHV
Taian5ca,LALV
AcJ8VwKB,HALV
QhiNFk3E,HALV
N9Dub6S7,LAHV
aT5JwPb6,HALV
7CJXdVhn,HALV
eCiUu7ih,HALV
JVubiGGj,LALV
Hy84FaDc,LALV
jRrYXNhf,LAHV
DXtuHmnM,HALV
CVMLuKv9,HALV
bPNeGYvH,HALV
XzGeefZi,HALV
LmpqRExe,LALV
8qZwJsUM,LALV
czww7p7L,LAHV
W2q78aAw,HALV
7iuBH3Zk,HALV
AStCtLLS,HALV
7KoZ2Uwd,LALV
MNjazGT8,LAHV
QRBSRkum,HALV
X8j9J8U5,LAHV
C5NfUuii,HALV
MCt49gvu,LALV
npYCi58k,HAHV
kAyXMQVD,HALV
VSEhnM4u,HALV
KhKNk5ku,HAHV
XAEs9A5Q,HALV
bs4cPVFg,LALV
CV58WPHW,LALV
fArvZLtP,HALV
fzjztR8F,HAHV
TZDCqJw8,HALV
T9iWHwTG,HALV
UgPXTWoY,LALV
6vbK4j4d,HALV
V4drHUZ8,LALV
aDpFL77B,LALV
FPUHmLmV,HAHV
YjRVSfxu,HALV
AJWkVF7o,LALV
L4kzWgpR,LALV
8xnXhhu7,HALV
YW8TkBwS,LALV
d56RVUwr,HALV
AY944Zuu,LAHV
Zddygavi,LAHV
DQ8nwXQ2,LAHV
ALYhcx79,HALV
PmXQcx97,LAHV
hrbFPQSM,LALV
NuXKsw9r,LAHV
VHk3BEkp,LAHV
CPRfoNbu,LALV
A2jeCMi4,HALV
iBy6BUdX,LAHV
V9ZfXSpo,HALV
dwsJNW2d,HALV
E2yXw5g4,LAHV
cLhvWEVB,HALV
ARcZMzFM,LALV
cJanoa6m,HALV
JT6jjhnw,HALV
SUERPjnb,HALV
7Ynf4yYk,LAHV
Wze4LDsT,HALV
N7SXZ6w6,LALV
bbGrMEYW,LALV
ekJebfqB,HALV
TG5vN8qq,LAHV
9Waed5ef,LAHV
bbS2mRLu,LALV
cjS7mMUK,LALV
i9ajq4wn,LALV
QsruTJgp,HALV
Ko8BvssR,LAHV
TdFNsWRN,HALV
gQTtrG5E,HALV
iXJ6S7rU,HAHV
nD2n2KUg,HALV
EUhg33Em,HAHV
63AYkHjC,HALV
dJeEtqgj,LALV
gnS8XZ7F,HALV
cScBxMNU,LALV
kHd6VZfS,LAHV
P5fgqty9,LALV
T9GafeCB,HALV
LzpSAPDS,LALV
oY95xLNW,HALV
aXTW3Dr9,LALV
7q9XnRWd,HALV
hNfiNejU,LALV
BXP6Hore,HALV
6brigEr5,LALV
ZCPjf7GN,HALV
QTvRKsWp,HAHV
WimFyJki,LAHV
ixVz7FSq,HAHV
j69jB7md,HAHV
G5jCpBEQ,LALV
Zsggw5yA,LAHV
boG7QuHD,HALV
U4ohYFWu,HALV
eWzam9rT,LALV
N6QU78xJ,LAHV
YrzzjcWT,HAHV
TSUVoabD,HAHV
4rv6d3uK,HALV
GwXguhLx,HALV
JbEAxJic,LALV
TBBvHfGF,HALV
FpbdNQsE,LALV
R8mabU9E,LALV
K65RmWKV,HALV
bqfvFVD3,LALV
UjCN94Es,LALV
JeRKWEBd,HALV
NWsWnHEA,HAHV
E4aMQGAz,HALV
3FXH4njn,LALV
C6GwJcdi,LALV
HpB5R3Mx,LALV
nrYHfHL9,HALV
6UBHwN5M,LAHV
YGYWKcEr,HAHV
LxAwsuX4,LALV
62UZehUZ,LALV
6cJSYksp,HALV
ZRxqesAe,LAHV
i8ACprrf,HALV
N7BT74rY,LALV
cVBcq8RD,LALV
Yte7AuT8,HALV
4oW8i4V8,LALV
9Vm49UH8,HAHV
QP3xtfc3,LAHV
U9RAJLJy,HALV
Xjy66sg4,LALV
Atk4EQUJ,LAHV
PaoQHhsF,HAHV
39CLGxFF,HALV
4P8S66Vc,HAHV
kBkut5fj,LALV
bLARmBZk,LALV
6BEfQGzp,LALV
5q8MUDTF,LALV
96SoGmPz,LALV
FjuLRMv7,HAHV
grzNV2UE,HALV
5gHoEkTT,LALV
fwovxznB,HAHV
Ja3rUjnV,LALV
FdPdRUK5,LALV
5tgP3Zoz,HALV
64kmCeoJ,LAHV
KpqRNEXD,HALV
8bR5B4nd,HALV
nMgvJzXX,LAHV
Jyiz4qTo,LALV
baf44M56,LALV
Tjx6DNJ7,HALV
JYggH9wg,LALV
GnscCbH8,LALV
DouzxmSk,HAHV
dazbSdhA,LALV
KqsAmTpA,HALV
FXiBbnbR,LALV
f3QoY4cd,HAHV
3W5hvAAG,LALV
axKr69eB,LALV
gVFrNQxb,LALV
UwrKz3Up,LALV
emTgMmrE,HALV
HH4gyQii,LALV
G22TDTvV,LALV
cP9TRHC2,HALV
72SszLHg,HALV
giotn5Vx,HALV
WG2ZU5SD,LAHV
DygqHBEh,LALV
9fxfaUzU,LALV
KpPBZQFb,HALV
UcXroBHM,HALV
PoKFsT5c,HALV
ZjFLDTZr,LALV
DUoX62PD,HALV
JLjWgZxt,LALV
R9crUZG7,HALV
hDwqMRnb,HALV
MnbCTxZr,HALV
26HayWQB,HALV
LCZNWQpj,LALV
V44ZcFSq,LALV
PEhZZbrL,LALV
Nm46giAH,HALV
bn5NkhSX,LALV
kpbdfFdL,LAHV
BRbjmR5T,HALV
BRepX2dD,HAHV
YBZyTxv8,HALV
KXAMqJgX,LALV
5usccTtt,HAHV
R7zNJ5Px,LALV
AfX2jqCA,LALV
48WjhSEa,LAHV
NBSD9KWR,HAHV
mEFQ4bsS,LALV
P3MJSn4w,LALV
R87JoXBN,LALV
WPiynZYP,LALV
Yr9qi8HP,HALV
Whbkwm2L,HAHV
GKfjYeBm,LAHV
j8HL8mPw,HALV
XMdDRjNL,HALV
BkXNQJf9,LAHV
FnJVUFP6,HALV
XHNLyWnZ,HALV
iKJ5Qt2E,HALV
X4zZd3pA,HALV
GqhtewpD,HAHV
EzcnS5KF,HAHV
LjAbEg3m,LALV
5434Lv8b,LALV
Myy2ignn,HALV
DHkJtMJ7,LALV
AdYbnVB6,HALV
SdRnhaZr,LALV
YyiujEQm,LALV
VKcSEUJX,HALV
BMEDjJbd,HALV
4n6Jiy7B,HALV
RmpsM4nf,HALV
Fnh7Jane,HAHV
kQ9Dqcui,HALV
BGCNWvM8,HALV
dMX54kxo,HALV
XAm8jvqy,HAHV
2LAU3x7U,LALV
4ioMZQAi,LALV
KJ3ezgQW,LALV
YYRWP78o,LAHV
EWM2MrHh,HALV
jHiFbzqY,LALV
2UWtQvzJ,HAHV
NNLe5Sqn,HALV
BnE5f6wL,LAHV
Tsv22PKD,LALV
TaB4XByd,HAHV
XFAQgeZx,HALV
o9ZuzLph,HALV
mwTmhxby,LALV
hrWmYFXW,HAHV
iDLmUXue,LALV
NFTGh8WD,HALV
KT3RppBr,LALV
fS8hJRSs,HAHV
TjHmZ6h7,HALV
4AHwG3su,HALV
SgrJyJSn,LALV
JfSujYbM,HALV
ezQcLMiy,LALV
iETf4oth,HALV
VfZp8S9q,HALV
m4StYjd5,HALV
MVf6s9KF,HALV
6LMHyXfC,HALV
Y6A7sq2j,LALV
PwUFFkAv,HALV
L7qLME9u,HALV
KganLmub,LALV
hXUQwPLk,LAHV
J8oerkqz,LALV
4L5HvXrd,HALV
fq9YvgQ5,LALV
9kEvzxPg,HAHV
bvUBDZvM,HALV
f3UikyfG,HAHV
hPXobNGp,LAHV
6wtwdvGE,LALV
kS2BNtN3,HALV
5yUCwvfa,LALV
8kFwmFpf,LALV
GJhs5pBk,LALV
PidtG9mu,HALV
hutt8kFo,LAHV
cQVumSpa,LALV
P6K9jFAW,LALV
KiQkovdi,HAHV
frsxpsWm,HALV
UYdbXn4q,LALV
bn29qkii,LALV
3vhfyQgq,HAHV
dETWZJL8,HALV
Qweb8AAG,HAHV
8HuCqCKU,LALV
emuCerxb,LAHV
Bm7t8ssq,LAHV
6MMeNzTY,LALV
Udq4YvWy,LAHV
nrMGKZgS,LALV
3ppggnhL,HAHV
KHvinyyU,LALV
XuF7RAZ2,LAHV
VfTNkpF2,HALV
fvnzH2ip,HALV
hZjYMpF4,LALV
YhkHdG26,HALV
VdVWBYxb,HAHV
nqu8JupZ,LALV
LgfnmWB4,LALV
JyP7aWg4,LALV
5gieWVY4,HALV
TbwTBFro,HALV
HdPrTtxd,LALV
3R3U34mn,HALV
BBvBLAzY,LALV
4NAiArih,LALV
i62oVkzQ,LAHV
ejwGL4Q5,HALV
AhbZu5p3,LAHV
CouQJ2qe,HALV
L6omX6Bd,HALV
CCbqKskn,LALV
GUwDjcga,LALV
SgucaVTr,LALV
RukjbkuV,LALV
5bFghBjS,LALV
3SKc9hVc,HALV
gUseppxx,HALV
6Njxxdps,LAHV
ehD4fRgn,LALV
gtgmGwjn,HALV
3eqAqL49,HALV
RNactn5b,LALV
NHSc3DFY,LALV
np8zd8y5,HALV
59TUwupP,HALV
X5TsPRrh,HAHV
ApxqEc6N,LALV
nqWkdJBV,HALV
Jzz5uT69,LALV
6q4SCYoj,LALV
i4ivTZFw,LALV
StaHpPF4,HAHV
3qwxNJ8s,HAHV
CVSYupxZ,HALV
a8ZzVgAx,LALV
BLbWcvpq,LALV
ab95ApZY,HALV
HkHhJgNo,LALV
hiF5je9Y,LALV
GpMRu3Hq,LALV
Jja9UuQF,LALV
Y372yEs9,HALV
MyUEmj5o,HALV
nnacnwfp,LALV
YcMcsce5,HALV
V3u73gbf,HALV
ddHg96JD,LALV
g2AwWpfB,HAHV
Qe53Xr9h,HALV
EKzKV73X,LALV
4FSXusMU,HALV
ERLxCGmz,LALV
h4XDGi4i,LAHV
b7BAW8wT,LALV
